login,name,stargazers_count,count,images
iam-veeramalla,ansible-zero-to-hero,601,412.0,True
iam-veeramalla,argo-cd,199,285.0,True
iam-veeramalla,argo-perf-test,60,,
iam-veeramalla,argo-rollouts,65,526.0,True
iam-veeramalla,argo-rollouts-manager,89,173.0,True
iam-veeramalla,argocd-hub-spoke-demo,159,21.0,True
iam-veeramalla,argocd-operator,238,101.0,True
iam-veeramalla,argoproj,116,387.0,True
iam-veeramalla,aws-devops-zero-to-hero,6796,1724.0,True
iam-veeramalla,Azure-zero-to-hero,2700,854.0,True
iam-veeramalla,cicd-demo-golang,83,19.0,True
iam-veeramalla,cicd-end-to-end,497,208.0,True
iam-veeramalla,cis-istio-integration,79,223.0,True
iam-veeramalla,CKA-2024,35,1420.0,True
iam-veeramalla,community-operators,101,369.0,True
iam-veeramalla,community-operators-prod,106,389.0,True
iam-veeramalla,design_diagrams,118,,
iam-veeramalla,devops-interview-preparation-guide,675,394.0,True
iam-veeramalla,devops-project-ideas,285,8.0,True
iam-veeramalla,devtron,92,1155.0,True
iam-veeramalla,Docker-Zero-to-Hero,3835,2149.0,True
iam-veeramalla,dummy-role,32,212.0,True
iam-veeramalla,GitHub-Actions-Zero-to-Hero,1193,198.0,True
iam-veeramalla,gitops-node-headers,52,2.0,True
iam-veeramalla,gitops-operator,228,624.0,True
iam-veeramalla,go-web-app,141,62.0,True
iam-veeramalla,go-web-app-devops,185,62.0,True
iam-veeramalla,Golang-Zero-to-Hero,239,502.0,True
iam-veeramalla,IPLPrediction,38,21.0,True
iam-veeramalla,istio-guide,143,487.0,True
iam-veeramalla,Jenkins-Zero-To-Hero,6465,559.0,True
iam-veeramalla,k8s-crossplane-argocd,127,562.0,True
iam-veeramalla,k8s-kyverno-argocd,201,513.0,True
iam-veeramalla,kubernetes-troubleshooting-zero-to-hero,451,251.0,True
iam-veeramalla,Kubernetes-Zero-to-Hero,1551,282.0,True
iam-veeramalla,MERN-docker-compose,81,104.0,True
iam-veeramalla,observability-zero-to-hero,1485,573.0,True
iam-veeramalla,officeassistant,42,312.0,True
iam-veeramalla,python-for-devops,2745,646.0,True
iam-veeramalla,sandbox,154,,
iam-veeramalla,shell-scripting-projects,870,146.0,True
iam-veeramalla,terraform-eks,295,154.0,True
iam-veeramalla,terraform-zero-to-hero,2380,890.0,True
iam-veeramalla,three-tier-architecture-demo,523,902.0,True
iam-veeramalla,write_your_first_terraform_project,488,31.0,True
in28minutes,10-Steps-to-High-Quality-Java-Developer,61,284.0,True
in28minutes,automatewithselenium.com,6,115.0,True
in28minutes,automation-testing-with-java-and-selenium,196,6261.0,True
in28minutes,awesome-gcp-certifications,7,1305.0,True
in28minutes,azure-devops-kubernetes-terraform-pipeline,91,138.0,True
in28minutes,BasicWebServletsIn28Minutes,29,208.0,True
in28minutes,camel,83,813.0,True
in28minutes,campus-interview-guide,28,1169.0,True
in28minutes,chartjs-chart-funnel,1,372.0,True
in28minutes,clean-code,154,687.0,True
in28minutes,cloud.in28minutes.com,20,116.0,True
in28minutes,config-server,2,,
in28minutes,course-material,989,13.0,True
in28minutes,CTutorialForBeginners,27,1789.0,True
in28minutes,deploy-spring-boot-aws-eb,161,1992.0,True
in28minutes,deploy-spring-boot-to-azure,83,2062.0,True
in28minutes,deploy-spring-microservices-to-aws-ecs-fargate,266,3169.0,True
in28minutes,Design-Patterns-For-Beginners,81,1406.0,True
in28minutes,dev-config-server-test,4,2.0,True
in28minutes,devops-master-class,2299,3852.0,True
in28minutes,docker,105,762.0,True
in28minutes,docker-crash-course,376,2317.0,True
in28minutes,EclipseIn28Minutes,55,573.0,True
in28minutes,first-steps-to-software-architect,136,606.0,True
in28minutes,full-stack-with-angular-and-spring-boot,620,6281.0,True
in28minutes,full-stack-with-react-and-spring-boot,610,6017.0,True
in28minutes,functional-programming-with-java,355,1058.0,True
in28minutes,Future-Course-Preparation,1,2.0,True
in28minutes,getting-started-for-beginners-v2,9,,
in28minutes,getting-started-in-5-steps,155,1442.0,True
in28minutes,go-serverless,42,2629.0,True
in28minutes,google-cloud-4-words,1,2936.0,True
in28minutes,gs-rest-service,1,864.0,True
in28minutes,hello-world-playground,1,83.0,True
in28minutes,hello-world-rest-api-aws-ecs-codepipeline,14,83.0,True
in28minutes,hello-world-rest-api-azure-pipelines,10,94.0,True
in28minutes,HibernateJPAStepByStep,22,1609.0,True
in28minutes,in28minutes,10,34.0,True
in28minutes,in28Minutes-Course-Roadmap,103,788.0,True
in28minutes,in28minutes-initiatives,598,54.0,True
in28minutes,in28minutes.com,25,,
in28minutes,in28minutes.github.io,172,,
in28minutes,In28MinutesTemplate,8,4549.0,True
in28minutes,interview-guide,300,1442.0,True
in28minutes,java-a-course-for-beginners,1084,5065.0,True
in28minutes,java-best-practices,1258,5934.0,True
in28minutes,java-cheat-sheet,599,32673.0,True
in28minutes,Java-EE-Design-Patterns,27,652.0,True
in28minutes,java-technology-for-beginners,60,9466.0,True
in28minutes,java-to-python-in-100-steps,59,494.0,True
in28minutes,java-tutorial-for-beginners,1390,69348.0,True
in28minutes,JavaInterviewQuestionsAndAnswers,1053,2591.0,True
in28minutes,JavaObjectOrientedProgramming,70,98.0,True
in28minutes,JavaTutorialForBeginners,29,677.0,True
in28minutes,JavaWebApplicationStepByStep,541,408.0,True
in28minutes,jenkin-devops-microservice,51,,
in28minutes,jenkins-pipeline,19,,
in28minutes,jpa-with-hibernate,656,1140.0,True
in28minutes,jshell-for-java-programmers,11,636.0,True
in28minutes,JUnitIn28Minutes,217,507.0,True
in28minutes,kubernetes-crash-course,331,5204.0,True
in28minutes,learn,690,232.0,True
in28minutes,learn-programming-with-python-,67,3207.0,True
in28minutes,learning-paths-cloud-and-devops,119,348.0,True
in28minutes,markdown-toc,1,906.0,True
in28minutes,master-spring-and-spring-boot,1352,4441.0,True
in28minutes,MavenIn28Minutes,193,1034.0,True
in28minutes,microservice-reference-archetype,14,678.0,True
in28minutes,MockitoIn28Minutes,124,331.0,True
in28minutes,MockitoTutorialForBeginners,637,626.0,True
in28minutes,pcf-crash-course-with-spring-boot,98,2368.0,True
in28minutes,programmingabc.com,2,115.0,True
in28minutes,python-tutorial-for-beginners,193,47564.0,True
in28minutes,ranga-karanam,1,,
in28minutes,RealWorldWebApplicationWithServletsAndJspIn28Minutes,20,410.0,True
in28minutes,roadmaps,252,1446.0,True
in28minutes,spring-boot-angular-fullstack-examples,110,349.0,True
in28minutes,spring-boot-examples,1243,293.0,True
in28minutes,spring-boot-master-class,994,2959.0,True
in28minutes,spring-boot-react-fullstack-examples,257,316.0,True
in28minutes,spring-boot-rest-api-playground,18,355.0,True
in28minutes,spring-boot-to-cloud,31,216.0,True
in28minutes,spring-boot-todo-rest-api-h2-aws-codepipeline,8,206.0,True
in28minutes,spring-boot-vuejs-fullstack-examples,57,245.0,True
in28minutes,spring-complete-career-path,45,874.0,True
in28minutes,spring-interview-guide,716,2305.0,True
in28minutes,spring-master-class,1155,433.0,True
in28minutes,spring-microservices,1796,824.0,True
in28minutes,spring-microservices-v2,752,1715.0,True
in28minutes,spring-microservices-v3,300,1697.0,True
in28minutes,spring-microservices-v3-old,15,1703.0,True
in28minutes,spring-unit-testing-with-junit-and-mockito,362,1144.0,True
in28minutes,spring-web-services,538,837.0,True
in28minutes,SpringBootForBeginners,630,936.0,True
in28minutes,SpringBootWebApplicationStepByStep,265,768.0,True
in28minutes,SpringIn28Minutes,667,828.0,True
in28minutes,SpringMvcStepByStep,835,828.0,True
in28minutes,Struts2StepByStep,11,528.0,True
in28minutes,TDDin28Minutes,32,166.0,True
in28minutes,test-repo,0,2.0,True
in28minutes,Tips-Database,37,291.0,True
in28minutes,todo-app,6,,
MadhavBahl,Real-Things,8,548.0,True
MadhavBahl,sample-react-app,2,361.0,True
MadhavBahl,Sankshep-Frontend,2,9.0,True
MadhavBahl,Secure-cloud-comuting-using-bifid-cipher,1,1007.0,True
MadhavBahl,shebang-everything,89,4188.0,True
MadhavBahl,ShoppingList-Desktop-App,3,12.0,True
MadhavBahl,simple-lazy-loading,0,2064.0,True
MadhavBahl,SimpleBio,0,77.0,True
MadhavBahl,SKIDL-UI,0,22.0,True
MadhavBahl,slides,65,892.0,True
MadhavBahl,speedy-type,2,113.0,True
MadhavBahl,speedy-type-boilerplate,2,287.0,True
MadhavBahl,startbootstrap-agency,0,434.0,True
MadhavBahl,startup-name-generator,17,235.0,True
MadhavBahl,susi_chromebot,0,165.0,True
MadhavBahl,swoc,0,,
MadhavBahl,talks,0,53.0,True
MadhavBahl,test-os-webinar,0,,
MadhavBahl,Text-Summarizer-App,1,,
MadhavBahl,Think-Incognito,35,225.0,True
MadhavBahl,TicTacGameC,0,13.0,True
MadhavBahl,Upay,0,382.0,True
MadhavBahl,vitrendz-roadmap,0,8.0,True
MadhavBahl,WeatherAPP,1,36.0,True
MadhavBahl,weatheready,0,,
MadhavBahl,WeatherValley,5,33.0,True
MadhavBahl,Writing-Sharing,4,2186.0,True
MadhavBahl,yaydoc,0,357.0,True
ashokitschool,springboot_thyemleaf_app,3,,
ashokitschool,springboot_whatsapp_api_integration,11,313.0,True
ashokitschool,SpringMVC-Apache-POI-Excel-ITEXT-PDF-Reports,0,21.0,True
ashokitschool,spring_boot_kafka_consumer,3,,
ashokitschool,spring_boot_kafka_producer,2,,
ashokitschool,spring_boot_mongodb_docker,3,,
ashokitschool,Spring_Data_Rest_API,0,,
ashokitschool,spring_file_reading_app,2,,
ashokitschool,Spring_WEB_MVC_FORM_APP,2,,
ashokitschool,sringboot_batch_app,3,,
ashokitschool,ssa-web-api,1,,
ashokitschool,Terraform_Projects,3,,
ashokitschool,ui-app,0,154.0,True
ashokitschool,ui_app,1,152.0,True
arvindr21,express-typescript-mongoose-template,0,9.0,True
arvindr21,express-winston-logger,0,185.0,True
arvindr21,expressjs-fileupload,45,41.0,True
arvindr21,expressjs-neo4j,0,200.0,True
arvindr21,expressjs-neo4j-angular,0,160.0,True
arvindr21,feathersjs-Angular7-todo-app,0,102.0,True
arvindr21,fileBrowserApp,43,50.0,True
arvindr21,fill-image,8,366.0,True
arvindr21,flowy,0,1081.0,True
arvindr21,forked-parchments,0,26.0,True
arvindr21,formeo,0,618.0,True
arvindr21,Frontend-JavaScript-1,0,254.0,True
arvindr21,generator-bangular,0,994.0,True
arvindr21,generator-framework7-phonegap,28,245.0,True
arvindr21,generator-mongoose,0,311.0,True
arvindr21,generator-node-express-mongo-mqtt,0,896.0,True
arvindr21,generator-onsenui-phonegap,14,417.0,True
arvindr21,generator-wchybridapp,1,301.0,True
arvindr21,gitignore,1,124.0,True
arvindr21,gitzip,0,196.0,True
arvindr21,grokking-system-design,0,,
arvindr21,guides,0,185.0,True
arvindr21,gulp,0,297.0,True
arvindr21,gulp-zip,0,90.0,True
arvindr21,gumdrops,0,526.0,True
arvindr21,helloPhoneGap,3,104.0,True
arvindr21,howBrowserWorks,7,14.0,True
arvindr21,html-css-js-jquery-bootstrap-angular,4,13.0,True
arvindr21,iCreatorTodoApp,0,7.0,True
arvindr21,ionCordova,9,6.0,True
arvindr21,ionic-app-base,0,466.0,True
arvindr21,ionic-docs,0,20.0,True
arvindr21,ionicapp,0,2.0,True
arvindr21,IonicFirePGInstaller,0,,
arvindr21,ios-album-app,0,,
arvindr21,iot,0,5.0,True
arvindr21,ipt-knowledgebase-theme-wp,0,1268.0,True
arvindr21,javascript,0,12444.0,True
arvindr21,javascript-algorithms,0,2440.0,True
arvindr21,js-iot,3,89.0,True
arvindr21,jsFaceDetection,0,12.0,True
arvindr21,json-server-pack,3,817.0,True
arvindr21,jstree-angular-expressjs,0,,
arvindr21,jsTree-directive,51,59.0,True
arvindr21,lazyboy,12,802.0,True
arvindr21,listMyAPI,12,50.0,True
arvindr21,live-server-pack,1,1317.0,True
arvindr21,logic,0,6.0,True
arvindr21,LovedOneNotifier,11,9.0,True
arvindr21,lower-case,1,47.0,True
arvindr21,lwip-examples,6,8.0,True
arvindr21,mcp-adc,0,156.0,True
arvindr21,MEAN-Todo-App,29,42.0,True
arvindr21,MEAN-Workshop,14,292.0,True
arvindr21,mediaPlayerApp,19,13.0,True
arvindr21,menjs-app,0,21.0,True
arvindr21,mongoDB-MapReduce,0,25.0,True
arvindr21,mongoDBPagination,5,30.0,True
arvindr21,mongoose-transactions,0,1212.0,True
arvindr21,movieFire,8,20.0,True
arvindr21,mqttApp,8,10.0,True
arvindr21,mqttbot,0,231.0,True
arvindr21,mslearn-build-api-azure-functions,0,370.0,True
arvindr21,mslearn-tailspin-spacegame-web-azure-functions,0,121.0,True
arvindr21,my-new-project,0,37.0,True
arvindr21,my-shopify-sales-channel-app,3,110.0,True
arvindr21,myBlogsHybridApp,3,19.0,True
arvindr21,mycomp-aes,0,34.0,True
arvindr21,mydashboard,97,25.0,True
arvindr21,myFirefoxOSApp,1,722.0,True
arvindr21,myFirstIonicApp,1,14.0,True
arvindr21,myIonicFireApp,10,,
arvindr21,myNodeApp,0,19.0,True
arvindr21,myNodeWebKitApps,6,12.0,True
arvindr21,myOnsenUIApp,1,3.0,True
arvindr21,myRESTApp,140,8.0,True
arvindr21,MySensorsArduinoExamples,1,75.0,True
arvindr21,myTwilioApp,24,72.0,True
arvindr21,myWebComponents,3,100.0,True
arvindr21,nestjs-edge-layer,0,230.0,True
arvindr21,netflixparty-chrome,0,236.0,True
arvindr21,netflixparty-server,0,236.0,True
arvindr21,ng-mat-fire,1,107.0,True
arvindr21,ng-overview,0,,
arvindr21,ng2,4,8.0,True
arvindr21,ng2do-mean-app,34,45.0,True
arvindr21,ng2_base_project,0,,
arvindr21,ngcordova-phonegap-build,4,10.0,True
arvindr21,ngMovieStub,17,51.0,True
arvindr21,ngTestApp,0,,
arvindr21,ngTwitterApp,26,14.0,True
arvindr21,node-ionic-bluetooth,1,213.0,True
arvindr21,node-osmosis,0,172.0,True
arvindr21,node-raspistill,0,725.0,True
arvindr21,node-tls-example,0,434.0,True
arvindr21,nodejschatapp,0,12.0,True
arvindr21,Notepad,0,11.0,True
arvindr21,npm-calculator,1,11.0,True
arvindr21,npm-howto,0,18.0,True
arvindr21,npm-license-crawler,0,378.0,True
arvindr21,nRF24L01-Frequency-Hopping-FHSS,0,55.0,True
arvindr21,nwk-fb-auth,8,13.0,True
arvindr21,nwk-ngApp,5,,
arvindr21,nwk-videochat,30,11.0,True
arvindr21,nwkFilePlayer,8,12.0,True
arvindr21,Oauth2orizeRecipes,0,256.0,True
arvindr21,org-hirearchy-visz,0,359.0,True
arvindr21,parse-server,0,867.0,True
arvindr21,password-score,0,435.0,True
arvindr21,patternlab-base-repo,0,556.0,True
arvindr21,peerjs-server,0,321.0,True
arvindr21,pgFW7App,0,11.0,True
arvindr21,phantomjs,0,391.0,True
arvindr21,PhoneGap3ContactsAPI,2,10.0,True
arvindr21,phoneGapFramework7Boilerplate,1,8.0,True
arvindr21,pi_checkRain,1,12.0,True
arvindr21,pi_DoorBell,5,12.0,True
arvindr21,pi_intruderAlert,4,14.0,True
arvindr21,pi_livestreaming,92,13.0,True
arvindr21,Pi_MorseCode,6,12.0,True
arvindr21,pi_printToLCD,5,11.0,True
arvindr21,pi_ultraSonicSensor,0,12.0,True
arvindr21,pi_videoEMailIntruder,5,10.0,True
arvindr21,practice-session,2,270.0,True
arvindr21,prerender,0,203.0,True
arvindr21,priority,0,3514.0,True
arvindr21,pushbots-cordova,6,12.0,True
arvindr21,python-ml,0,6.0,True
arvindr21,react-atomic-design,0,727.0,True
arvindr21,react-redux-apollo-graphl-mongodb-boilerplate,4,244.0,True
arvindr21,react-storybook,0,359.0,True
arvindr21,remindme,20,36.0,True
arvindr21,restify-mongojs-app,12,36.0,True
arvindr21,riot-app-base,0,299.0,True
arvindr21,riot-webpack-base,0,103.0,True
arvindr21,RottenTomatoesjQueryRestClient,3,635.0,True
arvindr21,rwd,0,32.0,True
arvindr21,rwdTestAutomationBoilerplate,1,24.0,True
arvindr21,scrapejs,0,255.0,True
arvindr21,se,0,,
arvindr21,sentiment,0,256.0,True
arvindr21,sentimentAnalysisApp,4,31.0,True
arvindr21,server-configs-nginx,0,149.0,True
arvindr21,server-logger,0,70.0,True
arvindr21,serverless-nextjs-zeit,0,,
arvindr21,sfdc-hello-ng,0,415.0,True
arvindr21,sfdc-hello-react,1,392.0,True
arvindr21,sHome,0,,
arvindr21,simple-blog-app,0,194.0,True
arvindr21,simple-webserver,0,109.0,True
arvindr21,SLATE.IO,0,11.0,True
arvindr21,slush,1,685.0,True
arvindr21,slush-angularfire,3,451.0,True
arvindr21,slush-bootstrap,3,494.0,True
arvindr21,slush-electron,6,335.0,True
arvindr21,slush-express,10,400.0,True
arvindr21,slush-generator,0,298.0,True
arvindr21,slush-h5bp,2,352.0,True
arvindr21,slush-meanjs,30,1870.0,True
arvindr21,slush-mongo,16,442.0,True
arvindr21,slush-ng,7,314.0,True
arvindr21,slush-nwk-xprs,2,348.0,True
arvindr21,slush-reloader,1,301.0,True
arvindr21,slush-reveal,2,455.0,True
arvindr21,slush-wean,35,376.0,True
arvindr21,slush-webstarterkit,4,208.0,True
arvindr21,smartMouth,8,14.0,True
arvindr21,someMostWantedBooks,0,35.0,True
arvindr21,spaceinvaders-game,10,26.0,True
arvindr21,speech-synthesis-cordova,18,485.0,True
arvindr21,ssid_coder,0,,
arvindr21,starter-kit,0,132.0,True
arvindr21,starterkit-mustache-bootstrap,0,9.0,True
arvindr21,starterkit-mustache-bootstrap4-demo,0,98.0,True
arvindr21,strapi-docker,0,246.0,True
arvindr21,stunning-system,0,75.0,True
arvindr21,super-calc,0,35.0,True
arvindr21,Tailwind-Nextjs-Starter-Blog,0,892.0,True
arvindr21,tdd,0,10.0,True
arvindr21,tdd-ng,0,10.0,True
arvindr21,tddBootstrapBoilerPlate,3,45.0,True
arvindr21,tddTutorial,0,10.0,True
arvindr21,teamMap,0,41.0,True
arvindr21,telegram-chat-sentiment-analysis,0,6.0,True
arvindr21,testbooks,0,,
arvindr21,testrepo,0,,
arvindr21,testsample,0,,
arvindr21,thearvindbot,1,,
arvindr21,thejackalofjavascript,0,2.0,True
arvindr21,theJackalofJavascriptApp,2,19.0,True
arvindr21,TheLibraryStore,0,68.0,True
arvindr21,things-I-do-outside-work,0,1.0,True
arvindr21,tictactoe,0,10.0,True
arvindr21,tiny-AES128-C,0,334.0,True
arvindr21,todoApp,32,12.0,True
arvindr21,ts_base_project,0,36.0,True
arvindr21,tutorials,0,42.0,True
arvindr21,upper-case,1,47.0,True
arvindr21,vTak,47,23.0,True
arvindr21,web-recorder-playback,0,,
arvindr21,WebComponents,0,26.0,True
arvindr21,webpagetest,0,807.0,True
arvindr21,wercker-node-ecs-demo,0,17.0,True
arvindr21,wifi-password,1,87.0,True
arvindr21,WifiWizard,0,610.0,True
arvindr21,wordpress-heroku,1,572.0,True
arvindr21,wordpress-offline-viewer,24,9.0,True
arvindr21,wp-documentation-site,0,550.0,True
arvindr21,x-ray,0,115.0,True
arvindr21,xpaf,0,174.0,True
arvindr21,xray-cli,0,169.0,True
arvindr21,__foodScanner__,0,3.0,True
maddydevgits,nitw-hands-on-fdp,0,280.0,True
maddydevgits,NITW-IoT-FDP-19thDec-Session,0,99.0,True
maddydevgits,nitw-iot-session-4th-5th-aug-2021,0,333.0,True
maddydevgits,nitw-june11-ml-fdp,0,118.0,True
maddydevgits,nitw-raghu-engineering-college-session-may12,0,176.0,True
maddydevgits,nitw-smart-cities-use-case-1,0,65.0,True
maddydevgits,notes-manager-react,0,366.0,True
maddydevgits,NumPy-Practice-Notes,0,,
maddydevgits,object-detection-using-aws,0,58.0,True
maddydevgits,object-detection-yolov3,0,34.0,True
maddydevgits,ocr-based-model-aws,0,77.0,True
maddydevgits,OCR-Model-for-reading-Captchas,0,,
maddydevgits,online-user-behaviour-machine-learning,2,54.0,True
maddydevgits,otp-python-code,0,39.0,True
maddydevgits,Password-strength-checker,0,,
maddydevgits,passwords-manager-blockchain,1,,
maddydevgits,personal-identity-security-system,1,,
maddydevgits,PERSONALIZE-SECURE-e-IDENTITY-CARD,0,11.0,True
maddydevgits,personalized-news-feed-using-aws,0,8.0,True
maddydevgits,petshop-dapp,0,44.0,True
maddydevgits,Plagiarsim-Checker-Blockchain,0,,
maddydevgits,plant-scanner-streamlit,0,14.0,True
maddydevgits,pneumonia-detection-using-deep-learning,0,59.0,True
maddydevgits,point-cloud-classification-using-pointNet,0,29.0,True
maddydevgits,pot-hole-detection,0,,
maddydevgits,poultry-kits-blockchain,0,,
maddydevgits,powerful-team-keyless-lock,0,6.0,True
maddydevgits,precision-agriculture-kits,0,,
maddydevgits,project,0,8.0,True
maddydevgits,protect-fine-arts-by-blockchain,0,107.0,True
maddydevgits,python-daily-challenges,0,9.0,True
maddydevgits,python-full-stack-devops,0,,
maddydevgits,QR-Code-Generator-Android-App,0,56.0,True
maddydevgits,qr-guided-system,0,,
maddydevgits,Rainfall-prediction,0,68.0,True
maddydevgits,rapid-document-conversion-amazon-lens,0,77.0,True
maddydevgits,rcew-aws-demo-git,0,,
maddydevgits,RCEW-Blockchain-Workshop,0,273.0,True
maddydevgits,rcew-hackathon-2022,0,327.0,True
maddydevgits,rcew-iot-project-dev-activity,0,278.0,True
maddydevgits,react-app-demo-aws,0,61.0,True
maddydevgits,react-question-bank,0,6311.0,True
maddydevgits,real-time-data-processing-platform,0,89.0,True
maddydevgits,Realtime-Streaming-data-on-sliding-windows-application,0,37.0,True
maddydevgits,registration-dapp,0,63.0,True
maddydevgits,registration-dapp-land-registration,0,63.0,True
maddydevgits,rent-a-car-on-blockchain,0,116.0,True
maddydevgits,resume-portfolio,0,36.0,True
maddydevgits,resume-ranking,1,88.0,True
maddydevgits,rit-ieee-vizag-bay-com-society,0,262.0,True
maddydevgits,robotics-internal,0,,
maddydevgits,sacet-2022-project-abstracts,0,518.0,True
maddydevgits,sacet-3rd-year-projects-list,1,89.0,True
maddydevgits,sacet-aws-internship,0,192.0,True
maddydevgits,sacet-live-social-distance-detection,0,35.0,True
maddydevgits,sacet-telegram-bot,0,70.0,True
maddydevgits,sample-app,0,,
maddydevgits,screen-warriors-team,0,,
maddydevgits,Secure-Data-Transmission-using-AWS,0,36.0,True
maddydevgits,seminar-hall-booking-project,0,2.0,True
maddydevgits,sentimental-analysis-on-voice-using-aws-comprehend,0,47.0,True
maddydevgits,serverless-app,0,34.0,True
maddydevgits,serverless-app-ui,0,,
maddydevgits,serverless-image-recognition-model,0,137.0,True
maddydevgits,shailu-kits-weed-blockchain,0,80.0,True
maddydevgits,sign-language-translator,0,57.0,True
maddydevgits,sign-language-translator-mediapipe,0,41.0,True
maddydevgits,sign-language-translator-updated,0,71.0,True
maddydevgits,skill-design-course-android-kits2,0,648.0,True
maddydevgits,skill-oriented-full-stack-kits,2,946.0,True
maddydevgits,skin-cancer-detection-kits,0,,
maddydevgits,skin-cancer-detection-live,0,48.0,True
maddydevgits,sleep-tracker-micro-project,0,17.0,True
maddydevgits,smart-attendance-sns-aws,0,,
maddydevgits,smart-attendance-system,0,18.0,True
maddydevgits,smart-contract-demo,1,,
maddydevgits,smart-helmet,0,2.0,True
maddydevgits,smart-socket,0,8.0,True
maddydevgits,Smart-Tender-Management-System,1,53.0,True
maddydevgits,smartband-shreyas,0,220.0,True
maddydevgits,SMS-Spam-Detection,1,36.0,True
maddydevgits,social-distance-detector-opencv-yolov3,0,62.0,True
maddydevgits,sorting-of-specific-tweets,0,44.0,True
maddydevgits,speech-emotion-recognition,0,,
maddydevgits,spoiler-extension,0,45.0,True
maddydevgits,stock-market-price-prediction,0,139.0,True
maddydevgits,stock-market-using-blockchain,0,,
maddydevgits,storing-sensory-feed-blockchain,1,95.0,True
maddydevgits,student-feedback-analysis-system,0,,
maddydevgits,student-grade-prediction-system,0,75.0,True
maddydevgits,Student-grades-prediction,0,581.0,True
maddydevgits,supplychain-it-kits-soc,0,,
maddydevgits,techfolio,0,551.0,True
maddydevgits,Technocrats,0,3.0,True
maddydevgits,ted-talks-recommendation-system,0,92.0,True
maddydevgits,telegram-certi-bot-gpcet,0,37.0,True
maddydevgits,telegram-controlled-iot-lamp,1,159.0,True
maddydevgits,text-summarisation-demo,0,34.0,True
maddydevgits,text-summarization,0,92.0,True
maddydevgits,Text-To-Speech-AWS-Polly,0,57.0,True
maddydevgits,the-Achievers-team,0,,
maddydevgits,Tic-Tac-Toe-Game-Android-App,0,62.0,True
maddydevgits,touchless-ar-home-automation,0,24.0,True
maddydevgits,tourism-management-system,0,110.0,True
maddydevgits,traffic-light-detector,0,61.0,True
maddydevgits,traffic-signal-post-urcet,0,109.0,True
maddydevgits,traffic-signs-detector,0,94.0,True
maddydevgits,ttspython,0,31.0,True
maddydevgits,twitter-sentimental-analysis,0,62.0,True
maddydevgits,uber-data-analysis,0,146.0,True
maddydevgits,Ultra-Secure-Network-Architecture,0,5.0,True
maddydevgits,urcet-jan23-blockchain-session,0,72.0,True
maddydevgits,vehicle-crash-identification,0,112.0,True
maddydevgits,vehicle-crash-identifier,0,,
maddydevgits,vehicles-identifier-yolo,0,32.0,True
maddydevgits,vignan-fake-product-identification-system,0,78.0,True
maddydevgits,vignan-nirula-fdp-blockchain,0,210.0,True
maddydevgits,vit-ap-fdp-session,0,296.0,True
maddydevgits,voting-dapp,1,194.0,True
maddydevgits,voting-dapp-kits,0,,
maddydevgits,vr-shooting-game,0,55.0,True
maddydevgits,Water-Quality-Analysis,0,72.0,True
maddydevgits,Weather-Forecast,0,556.0,True
maddydevgits,wheelchair-CIET-project,0,,
maddydevgits,WiFi-Imaging-System,0,201.0,True
maddydevgits,Wild-Animal-Detection,0,68.0,True
maddydevgits,yoga-pose-estimation,0,39.0,True
Shekharrajak,MokoApp,0,,
Shekharrajak,mongodb-using-daru,0,61.0,True
Shekharrajak,movie_review,0,95.0,True
Shekharrajak,MovingBoxes,0,603.0,True
Shekharrajak,mozilla-b2g,0,7.0,True
Shekharrajak,mubosym,0,170.0,True
Shekharrajak,multiscroll.js,0,1789.0,True
Shekharrajak,myapp,0,,
Shekharrajak,MyBlog,0,18.0,True
Shekharrajak,MyWebsite,0,14.0,True
Shekharrajak,my_sublime_packages,0,569.0,True
Shekharrajak,nanoblog,0,,
Shekharrajak,naveensaigit,0,57.0,True
Shekharrajak,ncbi_blast_tutorial,0,609.0,True
Shekharrajak,nerdtree,0,674.0,True
Shekharrajak,nerdtree-git-plugin,0,170.0,True
Shekharrajak,new,0,,
Shekharrajak,ng-bokeh,6,192.0,True
Shekharrajak,ng-grid,0,738.0,True
Shekharrajak,ng4-animations-preview,0,41.0,True
Shekharrajak,ngx-treeview,0,536.0,True
Shekharrajak,nmatrix,0,1195.0,True
Shekharrajak,nmatrix_reloaded,0,78.0,True
Shekharrajak,node,0,482.0,True
Shekharrajak,node-azure-store,0,152.0,True
Shekharrajak,node-express-mongoose,0,70.0,True
Shekharrajak,node-github,0,687.0,True
Shekharrajak,node-jsonwebtoken,0,1876.0,True
Shekharrajak,node-mongodb-native,0,1290.0,True
Shekharrajak,node.tmbundle,0,32.0,True
Shekharrajak,Nodemailer,0,4020.0,True
Shekharrajak,NodeServerDownloadFeature,0,117.0,True
Shekharrajak,npm,0,702.0,True
Shekharrajak,numexpr,0,1542.0,True
Shekharrajak,numpy,0,111.0,True
Shekharrajak,numpy.org,0,65.0,True
Shekharrajak,nyaplot,0,751.0,True
Shekharrajak,Nyaplot-chart-and-graph-,0,,
Shekharrajak,nyaplot-web-plot-rails-app,0,63.0,True
Shekharrajak,nyaplot-web-testing,0,751.0,True
Shekharrajak,octokit.rb,0,2569.0,True
Shekharrajak,onepage-scroll,1,787.0,True
Shekharrajak,Online-Judge,0,,
Shekharrajak,Online-Judge-Solutions,1,,
Shekharrajak,open-event,0,676.0,True
Shekharrajak,open-event-android,0,966.0,True
Shekharrajak,open-event-orga-server,0,1414.0,True
Shekharrajak,open-event-webapp,1,1245.0,True
Shekharrajak,OpenAPI-Specification,0,719.0,True
Shekharrajak,openbay,0,316.0,True
Shekharrajak,opencv,0,72.0,True
Shekharrajak,OpenSC,0,20.0,True
Shekharrajak,opentechsummit.cn,0,5.0,True
Shekharrajak,oslab,0,,
Shekharrajak,packable,0,1371.0,True
Shekharrajak,pagePiling.js,0,1817.0,True
Shekharrajak,pandas,0,733.0,True
Shekharrajak,parallax,0,1223.0,True
Shekharrajak,parallax-scrolling,0,32.0,True
Shekharrajak,ParallelComputing,0,54.0,True
Shekharrajak,Parsing-and-building-of-html-xml-table,1,,
Shekharrajak,particleground,0,272.0,True
Shekharrajak,passport,0,613.0,True
Shekharrajak,PassportJS-SailsJS-Authentication,1,13.0,True
Shekharrajak,password-alert,0,278.0,True
Shekharrajak,password_compat,0,521.0,True
Shekharrajak,PathPicker,0,759.0,True
Shekharrajak,paulrhayes.com-experiments,0,41.0,True
Shekharrajak,pdf.js,0,524.0,True
Shekharrajak,personal-jekyll-theme,0,533.0,True
Shekharrajak,pgmpy,0,298.0,True
Shekharrajak,pgmpy_notebook,0,,
Shekharrajak,phimpme-android,0,1229.0,True
Shekharrajak,phonebook,0,36.0,True
Shekharrajak,phpmyadmin,0,128.0,True
Shekharrajak,picard,0,155.0,True
Shekharrajak,PiggyMetrics,0,2441.0,True
Shekharrajak,pip,0,54.0,True
Shekharrajak,pip-tools,0,319.0,True
Shekharrajak,PipelineExecution,0,,
Shekharrajak,planet-sympy,0,106.0,True
Shekharrajak,planet.sympy.org,0,7.0,True
Shekharrajak,playground,0,25.0,True
Shekharrajak,please-wait,0,88.0,True
Shekharrajak,pleaseSoundHorn,0,7.0,True
Shekharrajak,pleasesoundhorn_Website-,0,63.0,True
Shekharrajak,pleasesoundhorn_Website_official,0,,
Shekharrajak,plotly.py,0,74.0,True
Shekharrajak,poc-hugo,1,107.0,True
Shekharrajak,pontoon,0,358.0,True
Shekharrajak,Popup-login-and-signup-with-leanModal.js,0,23.0,True
Shekharrajak,Probabilistic-Programming-and-Bayesian-Methods-for-Hackers,0,2037.0,True
Shekharrajak,programming,0,,
Shekharrajak,pslab-case,0,91.0,True
Shekharrajak,publiccode.asia,0,726.0,True
Shekharrajak,publicportal,0,,
Shekharrajak,pure-drawer,0,134.0,True
Shekharrajak,py,0,11.0,True
Shekharrajak,PyCon-India-2018-Design-Pattern,1,288.0,True
Shekharrajak,PyCon-India2018,1,731.0,True
Shekharrajak,PyCon-SymPy-SymEngine,5,57.0,True
Shekharrajak,PyCon2019,0,111.0,True
Shekharrajak,PyConIndiaSymPyTutorial,0,,
Shekharrajak,pydsa,0,235.0,True
Shekharrajak,pydy,0,1789.0,True
Shekharrajak,pyquora,0,115.0,True
Shekharrajak,Python-3,0,154.0,True
Shekharrajak,python-hydra-agent,0,330.0,True
Shekharrajak,python-mode,0,936.0,True
Shekharrajak,python3-presentation,0,14.0,True
Shekharrajak,python_chat,0,146.0,True
Shekharrajak,pytorch,0,2433.0,True
Shekharrajak,pytorch.github.io,0,247.0,True
Shekharrajak,pytorch_sphinx_theme,0,654.0,True
Shekharrajak,rails,0,587.0,True
Shekharrajak,rails-ex,0,1004.0,True
Shekharrajak,rails-nobrainer-blog,0,155.0,True
Shekharrajak,rbcuda,0,256.0,True
Shekharrajak,rbnd-roobiedocks,0,259.0,True
Shekharrajak,rbnd-toycity-part1-master,0,820.0,True
Shekharrajak,rbnd-toycity-part2,0,293.0,True
Shekharrajak,rbnd-toycity-part2-1,0,293.0,True
Shekharrajak,rbplotly,0,262.0,True
Shekharrajak,react,0,701.0,True
Shekharrajak,React-native-login-register-navigation-example,0,43.0,True
Shekharrajak,reactive-maps-example,0,3.0,True
Shekharrajak,README.md,0,5.0,True
Shekharrajak,realpython-blog,0,30.0,True
Shekharrajak,redis,0,408.0,True
Shekharrajak,Regitration-Page-Secure-and-with-features,0,,
Shekharrajak,reinforcement-learning-an-introduction,0,684.0,True
Shekharrajak,Report-Track-Corruption,0,76.0,True
Shekharrajak,Resume,0,2.0,True
Shekharrajak,resusage,0,418.0,True
Shekharrajak,rethinkdb-example-sinatra-pastie,0,196.0,True
Shekharrajak,RevealjsPresentationApp,0,9.0,True
Shekharrajak,rice,0,4590.0,True
Shekharrajak,river5,0,396.0,True
Shekharrajak,Roobiedocks-Adventure,0,259.0,True
Shekharrajak,RoomDisplay,0,69.0,True
Shekharrajak,rubex,0,1986.0,True
Shekharrajak,Rubi,0,694.0,True
Shekharrajak,ruby-ex,0,419.0,True
Shekharrajak,rubygsoc,0,13.0,True
Shekharrajak,rubyplot,0,270.0,True
Shekharrajak,s-hacker.info_public,1,,
Shekharrajak,SA-SSR,0,1654.0,True
Shekharrajak,Sails-crud,0,5.0,True
Shekharrajak,Sample-Ruby-C-Extension,1,261.0,True
Shekharrajak,scikit-learn,0,583.0,True
Shekharrajak,scipy-2011-tutorial,0,882.0,True
Shekharrajak,scipy-2013-tutorial,0,107.0,True
Shekharrajak,scipy-2014-tutorial,0,84.0,True
Shekharrajak,scipy-2017-cython-tutorial,0,784.0,True
Shekharrajak,scipy-sphinx-theme,0,154.0,True
Shekharrajak,scipy-sphinx-theme-demo,0,63.0,True
Shekharrajak,scipy-sphinx-theme-v2,0,272.0,True
Shekharrajak,sciruby,0,152.0,True
Shekharrajak,sciruby-notebooks,0,74.0,True
Shekharrajak,sciruby.com,0,405.0,True
Shekharrajak,scrcpy,0,1133.0,True
Shekharrajak,scrcpy-docker,0,154.0,True
Shekharrajak,screencasts,0,209.0,True
Shekharrajak,scroll-effect,0,,
Shekharrajak,Scroll-top,0,,
Shekharrajak,ScrollMagic,0,739.0,True
Shekharrajak,scrollReveal.js,0,227.0,True
Shekharrajak,Seminar-on-Daru,0,,
Shekharrajak,shacker,0,,
Shekharrajak,Shakespeer,0,30.0,True
Shekharrajak,ShapeHoverEffectSVG,0,69.0,True
Shekharrajak,Shekhar,0,,
Shekharrajak,shekharrajak.github.io,7,172.0,True
Shekharrajak,shogun,0,1308.0,True
Shekharrajak,ShoppingCart_Using_MEAN,0,,
Shekharrajak,Signal-Android,0,495.0,True
Shekharrajak,Simple-Blog-CI2,0,123.0,True
Shekharrajak,Simple-Jekyll-Search,0,827.0,True
Shekharrajak,Simple-login-and-signup-form,0,7.0,True
Shekharrajak,simple-neural-network,0,62.0,True
Shekharrajak,simple-todos,0,54.0,True
Shekharrajak,SimpleAndroidWatchface,0,22.0,True
Shekharrajak,SimpleDropDownEffects,0,26.0,True
Shekharrajak,Simplest-way-to-create-image-slider,0,16.0,True
Shekharrajak,simpleton,0,119.0,True
Shekharrajak,Site_backup,0,,
Shekharrajak,skrollr,0,4362.0,True
Shekharrajak,skrollr-1,0,7.0,True
Shekharrajak,soapui,0,614.0,True
Shekharrajak,socket.io,0,1430.0,True
Shekharrajak,Softwarez-Solution-Task-for-intern-15,0,,
Shekharrajak,spaCy,0,3491.0,True
Shekharrajak,spark,0,513.0,True
Shekharrajak,spark-dev,0,105.0,True
Shekharrajak,Specifications,0,193.0,True
Shekharrajak,sphinx_tutorial,0,35.0,True
Shekharrajak,SPR-Euler-Project-,0,,
Shekharrajak,spree-task-1,0,178.0,True
Shekharrajak,spring-integration-samples,0,1685.0,True
Shekharrajak,spring_mvc_simple_StackRoute,0,,
Shekharrajak,SPRSpoj,0,,
Shekharrajak,squid,0,250.0,True
Shekharrajak,SR_Part1_StackRoute,0,,
Shekharrajak,StackRoute,1,47.0,True
Shekharrajak,stackroute_exercise1,0,9.0,True
Shekharrajak,stackroute_exercise2,1,27.0,True
Shekharrajak,stackroute_exercise3,0,29.0,True
Shekharrajak,StackRoute_Files,0,,
Shekharrajak,StackRoute_spring-boot,0,2.0,True
Shekharrajak,stackroute_Spring_data_access_sql,0,10.0,True
Shekharrajak,startbootstrap,0,497.0,True
Shekharrajak,startbootstrap-agency,0,165.0,True
Shekharrajak,startbootstrap-landing-page,0,367.0,True
Shekharrajak,startbootstrap-stylish-portfolio,0,152.0,True
Shekharrajak,Started_With_Meteor_JS,0,,
Shekharrajak,starter-workflows,0,134.0,True
Shekharrajak,stepni_intern_task,0,28.0,True
Shekharrajak,Strut,0,456.0,True
Shekharrajak,sublime-jsdocs,0,1870.0,True
Shekharrajak,sublime-settings,0,59.0,True
Shekharrajak,sublimetext-codeformatter,0,2071.0,True
Shekharrajak,sublime_debugger,0,854.0,True
Shekharrajak,Sublime_text_3_Package_config,0,15.0,True
Shekharrajak,SumoLogicChallenge,0,134.0,True
Shekharrajak,super-search,0,223.0,True
Shekharrajak,surge-action,0,9.0,True
Shekharrajak,surge-sphinx-action,0,14.0,True
Shekharrajak,susi_android,0,1840.0,True
Shekharrajak,susi_server,0,1834.0,True
Shekharrajak,susi_skill_cms,0,292.0,True
Shekharrajak,sustain,0,303.0,True
Shekharrajak,SvnTestHelloSpring,0,,
Shekharrajak,sw-test,0,141.0,True
Shekharrajak,symengine,0,879.0,True
Shekharrajak,symengine.hs,0,247.0,True
Shekharrajak,symengine.py,0,335.0,True
Shekharrajak,symengine.rb,0,243.0,True
Shekharrajak,sympy,0,1150.0,True
Shekharrajak,SymPy.jl,0,775.0,True
Shekharrajak,sympy_11111_coverage_report,0,,
Shekharrajak,sympy_11188_coverage_report,0,,
Shekharrajak,sympy_tutorial,0,,
Shekharrajak,system-design-primer,0,11996.0,True
Shekharrajak,tabellajs,0,1133.0,True
Shekharrajak,taffydb,0,461.0,True
Shekharrajak,takana,0,243.0,True
Shekharrajak,Telegram,0,221.0,True
Shekharrajak,tensorflow,0,673.0,True
Shekharrajak,test,0,,
Shekharrajak,TestHelloApp,0,,
Shekharrajak,testing-disqus,0,,
Shekharrajak,testing_daru-view_in_rails,0,59.0,True
Shekharrajak,testing_middlemanapp,0,,
Shekharrajak,testmap2,0,2.0,True
Shekharrajak,TestWarDeployment,0,,
Shekharrajak,textacy,0,1112.0,True
Shekharrajak,TextBlob,0,346.0,True
Shekharrajak,The-Hero-App,0,148.0,True
Shekharrajak,theAsteroidsProject,0,14.0,True
Shekharrajak,TheaterJS,0,1533.0,True
Shekharrajak,thinkster-django-angular,0,76.0,True
Shekharrajak,thinkster-django-angular-boilerplate,0,58.0,True
Shekharrajak,three.js,0,229.0,True
Shekharrajak,To-do-Meteor-Advanced,0,,
Shekharrajak,To-do-using-django,0,,
Shekharrajak,to-markdown,0,562.0,True
Shekharrajak,todo-rails4-angularjs,0,170.0,True
Shekharrajak,Todo-using-express-and-mongoose,0,,
Shekharrajak,todomvc,0,629.0,True
Shekharrajak,TodoWindows,0,96.0,True
Shekharrajak,tomorrow-theme,0,412.0,True
Shekharrajak,tooltipster,0,98.0,True
Shekharrajak,topcoder-UML-Tool,0,361.0,True
Shekharrajak,tornado,0,580.0,True
Shekharrajak,Trigger-Jenkins-Server,0,,
Shekharrajak,turicreate,0,703.0,True
Shekharrajak,turn-calendar,0,1612.0,True
Shekharrajak,twitter-text,0,101.0,True
Shekharrajak,Udacity-Nanodegree-Machine-Learning-Engineer,0,11.0,True
Shekharrajak,udacity-nanodegrees,0,1210.0,True
Shekharrajak,User-Profile,0,92.0,True
Shekharrajak,User-Registration,0,31.0,True
Shekharrajak,vaibhavs494.github.io,0,16.0,True
Shekharrajak,validate-data,0,2.0,True
Shekharrajak,versions,1,166.0,True
Shekharrajak,Vide,0,600.0,True
Shekharrajak,viewmodel,0,173.0,True
Shekharrajak,vim,0,705.0,True
Shekharrajak,vim-airline,0,1049.0,True
Shekharrajak,vim-python-pep8-indent,0,377.0,True
Shekharrajak,vue,0,976.0,True
Shekharrajak,Vundle.vim,0,633.0,True
Shekharrajak,waterline,0,2226.0,True
Shekharrajak,webdev_bootcamp,0,48.0,True
Shekharrajak,Website-for-Swaran-Jain-Associates,0,49.0,True
Shekharrajak,wework,0,138.0,True
Shekharrajak,What-Open-Source-Means-To-Me,0,4090.0,True
Shekharrajak,Whitecastle.in,0,25.0,True
Shekharrajak,Wiess-Solution-,0,,
Shekharrajak,WikipediaForBlinds,0,211.0,True
Shekharrajak,WinApp-Easy-Web,0,37.0,True
Shekharrajak,windowsphone-app,0,56.0,True
Shekharrajak,workflow-routing,0,48.0,True
Shekharrajak,WorkflowEngineService,0,,
Shekharrajak,workflowtest,0,,
Shekharrajak,WSDC_Task_2015-16,0,222.0,True
Shekharrajak,yolo-weights,0,17.0,True
Shekharrajak,zariya_impacters,0,240.0,True
Shekharrajak,zinnia-theme-foundation,0,188.0,True
anjijava16,sentiment-analysis-storm,0,380.0,True
anjijava16,serverless-app-examples,0,34.0,True
anjijava16,serverless-sqs-dynamo-demo,0,322.0,True
anjijava16,ServerSideRADProject,0,117.0,True
anjijava16,Servlets-Training,0,5.0,True
anjijava16,sfguide-data-engineering-with-snowpark-python,0,58.0,True
anjijava16,sfn-crash-course,0,,
anjijava16,shoppingCart-httpsession,0,8.0,True
anjijava16,Simple-DevOps-Project,0,41.0,True
anjijava16,simple-local-rag,0,1978.0,True
anjijava16,SimpleJspServletDB,0,,
anjijava16,SimpleJspServletHibernate,0,,
anjijava16,SimpleSparkAnalysis,0,873.0,True
anjijava16,SMS_aditya,0,,
anjijava16,SnowFlakeDBUtils_RedShiftUtils,0,169.0,True
anjijava16,Softwares,0,,
anjijava16,SoftwareTesting,0,,
anjijava16,Software_Install_md,0,2.0,True
anjijava16,solutions-ios-push-notification-sample-backend-java,0,568.0,True
anjijava16,song_plays_workshop_tutorial,0,211.0,True
anjijava16,SoundRecorderProject,0,,
anjijava16,Source-Code-from-Tutorials,0,202.0,True
anjijava16,Source_Codes_Links,0,27.0,True
anjijava16,spaces-notebooks,0,17.0,True
anjijava16,spark,0,518.0,True
anjijava16,Spark-1,0,347.0,True
anjijava16,Spark-2,0,5.0,True
anjijava16,Spark-2.1,0,151.0,True
anjijava16,spark-3,0,,
anjijava16,spark-3.0-examples,0,10.0,True
anjijava16,spark-binlog,0,253.0,True
anjijava16,spark-cassandra-connector,0,1153.0,True
anjijava16,spark-cassandra-example,0,88.0,True
anjijava16,spark-clean-conform,0,36.0,True
anjijava16,spark-essentials,0,370.0,True
anjijava16,spark-etl,0,414.0,True
anjijava16,spark-etl-pipeline,0,662.0,True
anjijava16,Spark-hadoop-utils,0,7.0,True
anjijava16,Spark-Java,0,16.0,True
anjijava16,spark-java-microservice,0,79.0,True
anjijava16,Spark-Learnings,0,,
anjijava16,spark-ml-deployment,0,28.0,True
anjijava16,spark-nested-example,0,53.0,True
anjijava16,spark-rdd-dataframe-dataset,0,40.0,True
anjijava16,spark-saturday,0,,
anjijava16,spark-scala,0,14.0,True
anjijava16,spark-scala-wordcount-sbt,0,12.0,True
anjijava16,spark-slowly-changing-dimension,0,58.0,True
anjijava16,spark-streaming,0,6.0,True
anjijava16,Spark-Streaming-DirectKafka-Examples,0,,
anjijava16,spark-streaming-kafka-cdh511-testing,0,33.0,True
anjijava16,spark-streaming-simple-examples,0,16.0,True
anjijava16,spark-structured-streaming-book,0,,
anjijava16,Spark-Structured-Streaming-Examples,0,734.0,True
anjijava16,spark-testing-base,0,363.0,True
anjijava16,spark-tutorial,0,196.0,True
anjijava16,spark-two-migration,0,,
anjijava16,spark-workshop,0,210.0,True
anjijava16,spark3.0_utils,0,968.0,True
anjijava16,SparkCoreJDBC_Utils,0,305.0,True
anjijava16,SparkInternals,0,903.0,True
anjijava16,sparkMeasure,0,1146.0,True
anjijava16,sparkmicroservices,0,57.0,True
anjijava16,SparkML_Utils,0,10.0,True
anjijava16,SparkORCWriter,0,38.0,True
anjijava16,SparkPerfomanceJar,0,,
anjijava16,SparkPOC01,0,,
anjijava16,SparkRDBMS,0,,
anjijava16,SparkScalaKafkaCassandra,0,,
anjijava16,SparkSqlExamples,0,62.0,True
anjijava16,SparkSqlStream,0,290.0,True
anjijava16,SparkSQL_Core_SQL_ML,0,,
anjijava16,SparkStreamingHBaseExample,0,182.0,True
anjijava16,SparkStreamingOpenTSDBDataIngestion,0,332.0,True
anjijava16,sparkTutorial,0,,
anjijava16,SparkUtils,0,167.0,True
anjijava16,spark_emr_dev,0,243.0,True
anjijava16,spark_example,0,,
anjijava16,spark_generic_file_formatter,0,455.0,True
anjijava16,spark_hadoop_works,0,,
anjijava16,Spark_java_training_utils,0,42.0,True
anjijava16,Spark_Material,0,5.0,True
anjijava16,Spark_MultiFiles_Insert_Oracle,0,69.0,True
anjijava16,Spark_Multi_Char_delimiter,0,48.0,True
anjijava16,Spark_Multi_Cloud_Storage_Utils,0,88.0,True
anjijava16,Spark_POC_Java,0,,
anjijava16,spark_project_template_generator,0,827.0,True
anjijava16,spark_scala_projects_assignments,0,,
anjijava16,Spark_Structured_Streaming,2,1448.0,True
anjijava16,spark_udemy,0,,
anjijava16,spark_xml_json_utils,0,4.0,True
anjijava16,spline,0,124.0,True
anjijava16,spray-demo,0,,
anjijava16,spring,0,11.0,True
anjijava16,spring-boot,0,1328.0,True
anjijava16,spring-boot-aws-cloudsearch,0,67.0,True
anjijava16,spring-boot-kubernetes,0,264.0,True
anjijava16,spring-boot-labs,0,2.0,True
anjijava16,spring-boot-tutorial,0,567.0,True
anjijava16,spring-cloud-config-example,0,,
anjijava16,spring-cloud-microservice-example,0,353.0,True
anjijava16,spring-cloud-services-labs,0,5.0,True
anjijava16,spring-cloud-task-modules,0,38.0,True
anjijava16,spring-data-apache-hadoop-examples,0,2.0,True
anjijava16,spring-data-jpa-redshift-sample,0,,
anjijava16,spring-framework-training,0,8.0,True
anjijava16,spring-hadoop,0,789.0,True
anjijava16,spring-hadoop-samples,0,314.0,True
anjijava16,spring-hadoop-workshop,0,6.0,True
anjijava16,spring-integration-samples,0,1605.0,True
anjijava16,spring-kafka,0,35.0,True
anjijava16,spring-mongodb-tutorial,0,20.0,True
anjijava16,spring-mvc-angularjs-sample-app,0,821.0,True
anjijava16,spring-petclinic-microservices,0,578.0,True
anjijava16,spring-rest-template,0,,
anjijava16,spring-samples,0,6.0,True
anjijava16,spring-security-5-workshop,0,84.0,True
anjijava16,spring-security-portlet,0,,
anjijava16,spring-training,0,94.0,True
anjijava16,spring-training-1,0,45.0,True
anjijava16,spring-training-2,0,950.0,True
anjijava16,spring4Jars,0,,
anjijava16,springboard-projects,0,,
anjijava16,springboot-learn-by-example,0,361.0,True
anjijava16,springboot-tutorials,0,4.0,True
anjijava16,SpringBoot_CustomLog4jEDR_Swigger2,0,48.0,True
anjijava16,SpringBOOT_meetup,0,,
anjijava16,SpringBoot_POC01,0,,
anjijava16,SpringBoot_SpringCloud_Repo,0,827.0,True
anjijava16,SpringCloud_AWS,0,8.0,True
anjijava16,springdatahadoop,0,44.0,True
anjijava16,springexamples,0,,
anjijava16,sqoop-on-spark,0,306.0,True
anjijava16,SQOOPUtils,0,1744.0,True
anjijava16,Starburst_traino_training,0,9.0,True
anjijava16,StockPOC_MRJobs,0,,
anjijava16,Storm3--Hbase-HDFS-Hive-from-HortonWorks,0,994.0,True
anjijava16,StormTwitterStreamAnalysis,0,306.0,True
anjijava16,stream-processing-workshop,0,55.0,True
anjijava16,Streaming-data-from-Kafka-with-Spark-Streaming-using-Python,0,2.0,True
anjijava16,Streaming_Utils,0,165.0,True
anjijava16,streamlit-example,0,26.0,True
anjijava16,Structured-Streaming-Cassandra-Sink,0,172.0,True
anjijava16,StudentRecord,0,248.0,True
anjijava16,SuggestionBox,0,264.0,True
anjijava16,SunglassesHubETL,0,418.0,True
anjijava16,Synapse,0,149.0,True
anjijava16,synapseAnalytics,0,318.0,True
anjijava16,Synix_v2,0,2.0,True
anjijava16,tasklist-service,0,44.0,True
anjijava16,tech-interview-handbook,0,765.0,True
anjijava16,TechGuru_Learnings,0,131.0,True
anjijava16,TechInfo,0,,
anjijava16,TechLearn_Daily,0,17.0,True
anjijava16,Tech_Batch10,0,2.0,True
anjijava16,Tech_events,0,18.0,True
anjijava16,terraform-iws-main,0,254.0,True
anjijava16,terraform-iws-modules,0,3.0,True
anjijava16,terraform-on-aws-ec2,0,869.0,True
anjijava16,terraform-on-azure-cloud,0,1156.0,True
anjijava16,terraform-tuesdays,0,62.0,True
anjijava16,terraform_aws,0,106.0,True
anjijava16,terraform_utils,0,96.0,True
anjijava16,TestOne,0,,
anjijava16,tfg,0,,
anjijava16,thread-learning,0,,
anjijava16,timeseries_database_utils,0,128.0,True
anjijava16,Titanic,0,130.0,True
anjijava16,tmobile.repo,0,,
anjijava16,training-data-analyst,0,162.0,True
anjijava16,tutorial,0,2927.0,True
anjijava16,tutorial-advanced-spring,0,13.0,True
anjijava16,tutorial-angular-js,0,7.0,True
anjijava16,tutorials,0,124.0,True
anjijava16,ucc,0,6.0,True
anjijava16,Udacity-Data-Engineering-Projects,0,444.0,True
anjijava16,Udacity-Data-Engineering-with-AWS,1,428.0,True
anjijava16,udemy-scala-spark,0,,
anjijava16,ultimate-fastapi-tutorial,0,23.0,True
anjijava16,understanding-implicits,0,11.0,True
anjijava16,up,0,,
anjijava16,VideoWeb,0,,
anjijava16,vivsridh4,0,75.0,True
anjijava16,WC2017Spark,0,52.0,True
anjijava16,weather,0,,
anjijava16,WebCollector,0,350.0,True
anjijava16,webHDFS,0,,
anjijava16,WebServicesBatch,0,,
anjijava16,WebSessionization,0,226.0,True
anjijava16,welcomedata,0,17.0,True
anjijava16,welcome_demo,0,6.0,True
anjijava16,wordcountJava,0,,
anjijava16,WorkingCapStore,0,,
anjijava16,WorkOuts,0,266.0,True
anjijava16,WsConsumerPart_01,0,,
anjijava16,wsService_Client,0,,
anjijava16,www-community,0,78.0,True
anjijava16,XJob,0,338.0,True
anjijava16,yahooRestServiceSpring,0,,
